id,type,rating,dibl,dibu,song,episode,episodeQuote,episodeQuoteAuthor,episodeID,episodeType,episodeLength
1,Big Mac,3/5,Not Done,1,- No Song -,Big Mac Sausage,test,test2,f5wvSQdkgXA&t,Standard,04:37
2,Spaghetti and Meatballs,2/5,Not Done,1,- No Song -,Spaghetti ans Meatballs Sausage,test,test2,qNZ08y8d7RY,Standard,04:02
3,Entire KFC Big Box Meal,5/5,Not Done,1,- No Song -,Entire KFC Big Box Meal Sausage,test,test2,Ve9mlKn4FTs,Standard,02:51
4,Sushi,0/5,Not Done,1,- No Song -,Sushi Sausage,test,test2,qOdHN0k4N34,Standard,02:30
5,Pizza Rolls,1/5,Not Done,0,- No Song -,Pizza Rolls Sausage,test,test2,CVn4PMK1XvM,Standard,02:45
6,Taco Bell Crunchy Taco,1/5,Not Done,1,- No Song -,Taco Bell Crunchy Taco Sausage,test,test2,Bmx5S1NKqTk,Standard,03:29
7,Vanilla Cake,4/5,Not Done,1,- No Song -,Vanilla Cake Sausage,test,test2,qP1HMK7Qcj4,Milestone Special,04:32
8,St Patrick's Day Corned Beef and Cabbage,5/5,Not Done,0,- No Song -,St Patrick's Day Corned Beef and Cabbage Sausage,test,test2,BGC9Tw-RkDQ,Holiday Special,04:53
9,Vienna Sausage,0/5,Not Done,1,- No Song -,Vienna Sausage Sausage,test,test2,F2gQ7PYxzaw,Standard,03:46
10,Panda Express Orange Chicken and Chow Mein,2/5,0/5 Mark Ruffalos,1,- No Song -,Panda Express Orange Chicken and Chow Mein,test,test2,TOJ6jmUtM20,Standard,05:20
11,Passover,1/5,Not Done,1,- No Song -,Passover Sausage,test,test2,2ERi6bhzRbY,Holiday Special,07:06
12,Easter Surprise,1/5,Not Done,1,- No Song -,Easter Surprise Sausage,test,test2,ZqB1kcHMe3Q,Holiday Special,04:09
13,Arby's Big Beef and Cheddar,2/5,Not Done,1,- No Song -,Arby's Big Beef and Cheddar Sausage,test,test2,URVLma3onpQ,Standard,05:18
14,Fruit Salad,0/5,Not Done,1,- No Song -,Reaction Sausage,test,test2,xmA0snstBeQ,Milestone Special,06:12
15,McDonald's Chicken McNugget Barbecue,2/5,0/5 Mark Ruffalos,1,The Gambler,McDonald's Chicken McNugget Sausage,test,test2,EwtduKn6LOQ,Standard,06:15
16,McDonald's Chicken McNugget Honey Mustard,3/5,0/5 Mark Ruffalos,1,The Gambler,McDonald's Chicken McNugget Sausage,test,test2,EwtduKn6LOQ,Standard,06:15
17,Bloomin Onion,1/5,Not Done,1,Down Under,Bloomin Onion Sausage,test,test2,tfNg_Wcm9Rc,Standard,06:15
18,MRE Menu 7: Beef Brisket,Disqualified,Not Done,1,- No Song -,MRE Sausage: Menu 7 Beef Brisket,test,test2,s7VcVGXBHHI,Standard,08:12
19,Egg Roll,3/5,Not Done,0,- No Song -,Egg Roll Sausage,test,test2,3VTMG2fWx18,Standard,06:37
20,Lobster,5/5,Not Done,0,Rock the Casbah,Lobster Sausage,test,test2,cnhhGk_ALeg&t,Standard,04:39
21,Water,0/5,Not Done,0,- No Song -,Water Sausage,test,test2,sMk4SPd8wmk,Standard,01:00
22,Pickle (Whole),0/5,Not Done,0,- No Song -,100K Sausage,test,test2,FjRY5murMXA,Milestone Special,05:15
23,Pickle (Relish),1/5,Not Done,0,- No Song -,100K Sausage,test,test2,FjRY5murMXA,Milestone Special,05:15
24,Pickle and Pork,4/5,Not Done,0,- No Song -,100K Sausage,test,test2,FjRY5murMXA,Milestone Special,05:15
25,Chipotle Steak Burrito,3/5,0/5 Mark Ruffalos,1,Genie in a Bottle,Chipotle Steak Burrito Sausage,test,test2,XBuQehx1SDw,Standard,03:41
26,Denny's Original Grand Slam,3/5,Not Done,0,- No Song -,Denny's Original Grand Slam Sausage,test,test2,U4Jd-yYhBBk,Standard,04:24
27,Literally Just Eggs,3/5,Not Done,0,- No Song -,Literally Just Eggs Sausage,test,test2,vo8X2hBjq6M,Standard,00:59
28,Beef Heart,4/5,Not Done,0,My Way,Beef Heart Sausage,test,test2,zvf3cHxkIRo,Standard,05:00
29,Strawberry,0/5,Not Done,1,- No Song -,Popcorn Sausage,test,test2,zvf3cHxkIRo,Standard,01:03
30,MRE: Rib-shaped BBQ Patties,Disqualified,Not Done,1,"Pure Imagination, Fly Me To The Moon, Wonderwall",MRE Sausage Livestream,test,test2,8YqWMJVp8A0,Livestream Recording,60:31
31,MRE: White Chicken Chunks,0/5,0/5 Mark Ruffalos,1,"Take On Me, Country Roads, Baby Shark, Africa, Barbara Ann, Big Iron, Killer Queen, Billie Jean, Rasputin, Beat it",MRE Sausage Livestream,test,test2,8YqWMJVp8A0,Livestream Recording,60:31
32,Marie Calendar's Chicken Pot Pie,2/5,0/5 Mark Ruffalos,1,- No Song -,Marie Calendar's Chicken Pot Pie Sausage,test,test2,wpJbAZH68Ps,Standard,02:54
33,Hot Dog,1/5,0/5 Mark Ruffalos,0,- No Song -,Hot Dog Sausage,test,test2,fCBtHbjek04,Standard,01:02
34,An Entire Fish,0/5,Not Done,0,"Take Me to the River, Entry Of The Gladiators",An Entire Fish Sausage,test,test2,q3keZ0KAYNo,Standard,05:32
35,Candy,1/5,Not Done,1,- No Song -,Candy Sausage,test,test2,ox0P8fDde90,Standard,01:09
36,Panda Express Orange Chicken Redux,3/5,Not Done,1,- No Song -,Panda Express Orange Chicken Sausage Redux,test,test2,U5bZ97bKFbM,Standard,04:26
37,Panda Express Orange Chicken and Honeynut Shrimp,2/5,Not Done,1,- No Song -,Panda Express Orange Chicken Sausage Redux,test,test2,U5bZ97bKFbM,Standard,04:26
38,Panda Express Honeynut Shrimp,1/5,Not Done,1,- No Song -,Panda Express Orange Chicken Sausage Redux,test,test2,U5bZ97bKFbM,Standard,01:08
39,Ice,1/5,Not Done,1,- No Song -,Ice Sausage,test,test2,jM26FaLgPPw,Standard,01:09
40,Little Caesars $5 Hot-N-Ready Pepperoni Pizza,3/5,Not Done,0,Piano Man,Little Caesars $5 Hot-N-Ready Pepperoni Pizza but as a Sausage,test,test2,JBsVY2Nb-FU,Standard,04:11
41,New England Clam Chowder,Disqualified,Not Done,1,Islands In The Stream,New England Clam Chowder but as a Sausage,test,test2,hrPuJIfFe9k,Standard,01:00
42,Chicken Tikka Masala,5/5,0/5 Mark Ruffalos,1,I Want To Know What Love Is,Chicken Tikka Masala Sausage,test,test2,dckhsVvbNTU,Standard,03:48
43,Cooked Bacon,1/5,Not Done,0,- No Song -,Bacon Sausage,test,test2,VFgAobE4rDo,Standard,04:34
44,Raw Bacon,0/5,Not Done,1,- No Song -,Bacon Sausage,test,test2,VFgAobE4rDo,Standard,04:34
45,Air,0/5,Not Done,0,- No Song -,Air Sausage,test,test2,mU59p0R01mM,Standard,01:07
46,Subway Marinara Meatball Sub,0/5,No (No Rating),0,- No Song -,Subway Sausage: Special YouTube Celebrity Edition,test,test2,zPkeG5Uwkcs,YouTube Celebrity Special,05:09
47,Peanut Butter and Jelly Sandwich,2/5,Not Done,1,"Mr. Sandman, Escape (The Pina Colada Song)",Peanut Butter and Jelly Sandwich Sausage,test,test2,QX3yr4Xx9FM,Standard,03:35
48,Grilled Ribeye Steak,4/5,Not Done,1,I Would Do Anything For Love,Grilled Ribeye Steak Sausage,test,test2,F82kzN-ae3o,Standard,03:14
49,Ice Cream Sandwich,4/5,Not Done,0,Africa,Ice Cream Sandwich Sausage,test,test2,xyhXx4RPS4Y,Standard,02:28
50,McDonald's Filet-O-Fish,3/5,0/5 Mark Ruffalos,0,Ernie and Rubber Duckie,McDonald's Filet-O-Fish Sausage,test,test2,N7g3r-smV4w,Standard,04:24
51,White Castle Cheeseburger Slider,5/5,Not Done,1,Ain't No Mountain High Enough,White Castle Sausage,test,test2,r2JODJMGYHw,Standard,03:16
52,Hungry-Man Salisbury Steak,2/5,0/5 Mark Ruffalos,1,Solsbury Hill,Hungry-Man Salisbury Steak But As A Sausage,test,test2,2igWj4r8l2w,Standard,03:59
53,Brick of Extra Sharp Cheddar Cheese,0/5,0/5 Mark Ruffalos,1,- No Song -,Just a Brick of Cheese Sausage,test,test2,6XsRNwSh-N4,Standard,03:45
54,Colby and Monterey Jack Cheese Sticks,0/5,Not Done,1,- No Song -,Just a Brick of Cheese Sausage,test,test2,6XsRNwSh-N4,Standard,03:45
55,Chili,1/5,0/5 Mark Ruffalos,1,Puzzle Of My Heart,Chili Sausage,test,test2,KdZGqHvubM0,Standard,03:43
56,Mixed Nuts,1/5,0/5 Mark Ruffalos,1,- No Song -,Nuts Sausage,test,test2,8II4xkjDizs,Standard,03:15
57,Red Lobster Coconut Shrimp,1.5/5,No (No Rating),1,Closing Time,Red Lobster Coconut Shrimp and Cheddar Bay Biscuit Sausage,test,test2,g9IM2j1ZfGQ,Standard,04:20
58,Red Lobster Cheddar Bay Biscuit,0.5/5,No (No Rating),1,Closing Time,Red Lobster Coconut Shrimp and Cheddar Bay Biscuit Sausage,test,test2,g9IM2j1ZfGQ,Standard,04:20
59,McDonald's Travis Scott Meal,3/5,0/5 Mark Ruffalos,0,- No Song -,Travis Scott Meal Sausage,test,test2,q1hDPAseqDQ,Standard,03:49
60,Raw Meatloaf,4/5,0/5 Mark Ruffalos,0,"Bailamos, Never Gonna Give You Up",Meatloaf Sausage: King of the Loafs,test,test2,abd5kQXePOU,Standard,05:11
61,Cooked Meatloaf,0/5,0/5 Mark Ruffalos,1,"Bailamos, Never Gonna Give You Up",Meatloaf Sausage: King of the Loafs,test,test2,abd5kQXePOU,Standard,05:11
62,Slim Jims,0/5,No (No Rating),0,"Aint No Sunshine, Reading Rainbow Theme",Slim Jim Sausage,test,test2,pPyOW5q6g8k,Standard,03:25
63,Fried Rice,4/5,0/5 Mark Ruffalos,1,"Rock The Casbah, Bad Romance",Fried Rice Sausage Live!,test,test2,mB3fRQyhz60,Livestream Recording,86:08
64,Key Lime Pie,2/5,0/5 Mark Ruffalos,1,- No Song -,Key Lime Pie Sausage,test,test2,C5lsHkELVoE,Standard,03:29
65,Pork and Key Lime Pie,0/5,0/5 Mark Ruffalos,1,- No Song -,Key Lime Pie Sausage,test,test2,C5lsHkELVoE,Standard,03:29
66,Fire (Fireball Whisky and Pork),1/5,Not Done,0,- No Song -,Fire Sausage,test,test2,k1aV0FBf_8Q,Standard,01:08
67,Hamburger Helper Cheeseburger Macaroni,2.5/5,No (No Rating),1,Zombie,Hamburger Helper Cheeseburger Macaroni Sausage,test,test2,xB_0p1JFcok,Standard,04:42
68,Pumpkin,1/5,0/5 Mark Ruffalos,1,"Linger, Monster Mash",Pumpkin Sausage,test,test2,JLnPDXnAlB0,Holiday Special,03:47
69,Bull Penis and Testicles,2/5,0/5 Mark Ruffalos,0,Creep,"The Bull Sausage (parents, maybe don't show your kids this one)",test,test2,ZY2IJl1Z468,Holiday Special,04:13
70,Candy Corn,0/5,Not Done,0,Rudolph the Red Nose Reindeer,Candy Corn Sausage,test,test2,9XGd8HyiLhs,Holiday Special,03:03
71,Baby Back Ribs,4/5,0/5 Mark Ruffalos,0,"The Time Warp, Chapel Of Love, Spooky Scary Skeletons",Baby Back Ribs Sausage,test,test2,QGKmmq0yQxM,Holiday Special,05:30
72,Candy Apple and Caramel Apple,2/5,0/5 Mark Ruffalos,1,Whip it,Candy Apple Sausage,test,test2,46B7tlMMrt4,Holiday Special,04:18
73,Brain,0/5,0/5 Mark Ruffalos,0,"Star Spangled Banner, The Black Parade",Brain Sausage,test,test2,4g23E-gE3hk,Holiday Special,03:41
74,Panera Autumn Squash and Bread Bowl,0.5/5,0/5 Mark Ruffalos,0,The Phantom Of The Opera,Panera Autumn Squash Soup and Bread Bowl Sausage,test,test2,1iYSDdG6u6w,Holiday Special,03:06
75,Beyond Sausage,5/5,0/5 Mark Ruffalos,0,"Love Shack, Master of Puppets, Fly Me To The Moon, Twelve Days Of Christmas, Genie In A Bottle, Rock the Casbah, Creep, Good Vibrations, Wouldn't It Be Nice",Beyond Sausage Sausage Livestream,test,test2,vJBqP8XNhAU,Livestream Recording,65:10
76,Blood,3/5,Not Done,0,- No Song -,Blood Sausage,test,test2,TAAuG_-dfZ4,Holiday Special,03:52
77,A Bag of Halloween Candy,3/5,Not Done,0,- No Song -,A Bag of Halloween Candy Sausage,test,test2,FXVhhn8W6Bo,Holiday Special,01:07
78,Pumpkin Pie,1/5,No (No Rating),1,"Monster mash, Sppoky Scary Skeletons, The Lion Sleeps Tonight",Pumpkin Pie Sausage Livestream,test,test2,7oeWDRSKthg,Livestream Recording,58:00
79,Pad Thai,4/5,2/5 Mark Ruffalos,0,"Der Kommissar, Mariner's Revenge Song",Pad Thai Sausage,test,test2,w8bGKq3oyQ8,Standard,03:36
80,Reuben Sandwich,4/5,4/5 Mark Ruffalos,0,"Reflection, A Girl Worth Fighting For",Reuben Sausage,test,test2,7JXK1T3nP74,Standard,03:22
81,Oil,0/5,Not Done,0,- No Song -,YouTube Comments Suggestions 1: Oil Sausage,test,test2,RH1kOgbLqSY,YouTube Comments Suggestions,01:00
82,Pu Pu Platter,3/5,1/5 Mark Ruffalos,0,"In Too Deep, Rio",Pu Pu Platter Sausage,test,test2,TFwUmulDS0s,Standard,03:48
83,Big Ol' Pepperoni Stick,1/5,4/5 Mark Ruffalos,1,"Make A Move, Funkytown, Axel F (Instrumental)",Just a Big Ol' Pepperoni Stick Sausage,test,test2,VPHH0ol_SsM,Standard,03:38
84,Butter,0/5,Not Done,1,- No Song -,YouTube Comments Suggestions 2: Butter Sausage,test,test2,qRSglAEMJ-s,YouTube Comments Suggestions,01:00
85,Surf and Turf (Beef Filet and Scallops),1/5,1/5 Mark Ruffalos,0,Three Princes,Surf and Turf Sausage,test,test2,QBeknto4DSk,Standard,06: 01
86,Corn Dog,3/5,2/5 Mark Ruffalos,0,Mad World,Corn Dog Sausage,test,test2,__fZZ0Y_m3k,Standard,04:25
87,MRE: Asian Style Beef Strips,4/5,5/5 Mark Ruffalos,1,"Fruit Salad, Mr. Sandman",MRE Livestream: Asian Style Beef Strips,test,test2,lP2_0b748LU,Livestream Recording,60:20
88,Thanksgiving Meal,1/5,Not Done,1,- No Song -,A Very Moist Thanksgiving Sausage Special,test,test2,Ayk9jj-7zAk,Collaboration,12:21
89,Chicken Cordon Bleu,2/5,4/5 Mark Ruffalos,0,"Californication, I Saw Mommy Kissing Santa Claus",Chicken Cordon Bleu Sausage,test,test2,gHQwvXfvU8Q,Standard,05:02
90,Jalapeno Poppers,3/5,1/5 Mark Ruffalos,0,Don't Cry Out Loud,Jalapeno Poppers Sausage,test,test2,YoNe1CJqDeg,Standard,05:29
91,Publix Chicken Tinder Sub,1/5,2/5 Mark Ruffalos,0,"Hold On, Every Rose Has Its Thorn",Publix Chicken Tender Sub Sausage,test,test2,1f-YwAiV3Bc,Standard,05:58
92,Baked Beans,1/5,Not Done,0,- No Song -,YouTube Comments Suggestions #3: Baked Beans Sausage,test,test2,tovSwFJZgbs,YouTube Comments Suggestions,01:00
93,McDonald's McRib,5/5,5/5 Mark Ruffalos,0,One Jump Ahead (Reprise),McRib Sausage,test,test2,qAp9nU-0yrw,Standard,04:07
94,Wendy's Baconator,4/5,0.5/5 Mark Ruffalos,1,9 To 5,Baconator Sausage,test,test2,RuokudkSg-s,Standard,04:13
95,Reverse Hot Dog,3/5,Not Done,0,It's the Most Wonderful Time of the Year,YouTube Comments Suggestions 4: Reverse Hot Dog Sausage,test,test2,Hxjxunvpdlk,YouTube Comments Suggestions,01:00
96,Shrimp and Vegetable Tempura,1/5,Not Done,0,"When a Man Loves a Woman, Santa Claus Is Coming To Town",Shrimp and Vegetable Tempura Sausage,test,test2,NIq73IsfZXg,Standard,05:09
97,Popeyes Spicy Chicken Sandwich,4/5,1/5 Mark Ruffalos,0,"Too Young To Sing the Blues, The Chicken Dance",Popeyes Spicy Chicken Sandwich Sausage,test,test2,0oGqxLX8a-0,Standard,04:31
98,Gingerbread House,3/5,0/5 Mark Ruffalos,1,"Santa Clause is Coming to Town, Home for the Holidays, Here Comes Santa Claus, I Have A Little Dreidel, Up On The Housetop, I Won't Back Down",Gingerbread House Sausage Live!,test,test2,rTsWWSN2fnU,Livestream Recording,61:34
99,Venison,4.5/5,Not Done,0,Can You Feel the Love Tonight,Venison Sausage,test,test2,6K74DXjzUsQ,Standard,04:55
100,Beef Wellington,5/5,2/5 Mark Ruffalos,0,"Let It Snow, Holly Jolly Christmas",Beef Wellington Sausage,test,test2,Cs3D42VwBR0,Holiday Special,05:32
101,Sausage Casing,0/5,Not Done,0,- No Song -,YouTube Comments Suggestions 5: Sausage Casing Sausage,test,test2,VqwjPQ1ereo,YouTube Comments Suggestions,01:00
102,Caesar Salad,2/5,5/5 Mark Ruffalos,1,Believe,Caesar Salad Sausage,test,test2,ASgu6KLAmrE,Standard,05:10
103,Shrimp Cocktail,3.5/5,3/5 Mark Ruffalos,1,"1999, Only Time",500K Sausage,test,test2,JmecLjjek6s,Milestone Special,04:50
104,Mayonaise,0/5,0/5 Mark Ruffalos,1,- No Song -,YouTube Comments Suggestions 6: Mayonnaise Sausage,test,test2,Gr_zAtxRvEE,YouTube Comments Suggestions,01:00
105,Chicago-Style Deep Dish Pizza,5/5,1/5 Mark Ruffalos,1,Dancing Queen,Chicago-Style Deep Dish Pizza Sausage,test,test2,Tv72xs8U0F8,Standard,04:11
106,Gyro,3/5,No (No Rating),0,"We Didn't Start The Fire, In Summer",Gyro Sausage,test,test2,LQ9UT-UEt-A,Standard,04:42
107,Onion,0/5,5/5 Mark Ruffalos,1,Love Rollercoaster,Onion Sausage,test,test2,eeIC6uJYo3I,YouTube Comments Suggestions,01:00
108,BBQ Beef Brisket,3.5/5,1/5 Mark Ruffalos,1,I Don't Want to Wait,BBQ Beef Brisket Sausage,test,test2,soztbrXqJ2k,Standard,05:05
109,Burger King's Whopper,2/5,2/5 Mark Ruffalos,1,"Everything's Coming Up Roses, Come To My Window",Whopper Sausage vs Impossible Whopper Sausage,test,test2,ofvdMLW2Tg4,Standard,05:00
110,Burger King's Impossible Whopper,2/5,2/5 Mark Ruffalos,1,"Everything's Coming Up Roses, Come To My Window",Whopper Sausage vs Impossible Whopper Sausage,test,test2,ofvdMLW2Tg4,Standard,05:00
111,Banana,1/5,Not Done,1,Banana Phone,YouTube Comments Suggestions 8: Banana Sausage,test,test2,_hnXFsUGe8g,YouTube Comments Suggestions,01:00
112,Chef Boyardee Beef Ravioli,2.5/5,4/5 Mark Ruffalos,1,YMCA,Chef Boyardee Beef Ravioli Sausage,test,test2,s4WI9zeJjz4,Standard,04:37
113,Sonic Footlong Chili Dog,5/5,1/5 Mark Ruffalos,1,"Soak Up the Sun, Waterfalls",Sonic Footlong Chili Dog Sausage,test,test2,OH7ZZQcw7tI,Standard,03:42
114,Cinnamon Roll (Ground),4/5,Not Done,1,- No Song -,Cinnamon Roll Sausage,test,test2,9LblZcUQsqY,YouTube Comments Suggestions,01:00
115,Cinnamon Roll (Baked),0/5,Not Done,1,- No Song -,Cinnamon Roll Sausage,test,test2,9LblZcUQsqY,YouTube Comments Suggestions,01:00
116,Cinnamon Roll (Raw),0/5,Not Done,1,- No Song -,Cinnamon Roll Sausage,test,test2,9LblZcUQsqY,YouTube Comments Suggestions,01:00
117,Shepherd's Pie,3/5,2.5/5 Mark Ruffalos,0,"Danny Boy, With Or Without You, We Didn't Start The Fire",Shepherd's Pie Sausage,test,test2,noUl0VUhYns,Standard,06:47
118,Alligator,4/5,2/5 Mark Ruffalos,0,"Crocodile Rock, Sunrise",Alligator Sausage,test,test2,W1uiCW7EDeg,Standard,04:03
119,Oreo,1/5,Not Done,1,Another One Bites the Dust,YouTube Comments Suggestions 10: Oreo Sausage,test,test2,2LWvq9SVetc,YouTube Comments Suggestions,01:00
120,Full English Breakfast,1.5/5,1/5 Mark Ruffalos,1,"The Pirates of Penzance: Act I. 'I am the very model of a modern Major-General', Octopus’s Garden",Full English Breakfast Sausage,test,test2,lClgYiYqnD8,Standard,05:02
121,Spam,0/5,No (No Rating),1,"Walking on Sunshine, Personal Jesus",Spam Sausage,test,test2,aw_1N0RKoc4,Standard,04:18
122,Garlic,0/5,No (No Rating),0,- No Song -,YouTube Comments Suggestions 11: Garlic Sausage,test,test2,Y8Y2uP5qhFI,YouTube Comments Suggestions,01:00
123,Lasagna,1.5/5,3/5 Mark Ruffalos,1,"Listen To The Music, Breakfast At Tiffany's",Lasagna Sausage,test,test2,iLykeLINlrY,Standard,05:27
124,Panda Express Broccoli Beef,2.5/5,5/5 Mark Ruffalos,0,"Smells Like Teen Spirit, Chip 'N Dale's Rescue Rangers Theme",Panda Express Broccoli Beef Sausage,test,test2,_VSuY2gXFN8,Standard,04:32
125,Poptart,1/5,Not Done,1,- No Song -,YouTube Comments Suggestions 12: Strawberry Poptart Sausage,test,test2,Soz0m3c6G_I,YouTube Comments Suggestions,01:00
126,Tuna Salad Sandwich,2/5,1/5 Mark Ruffalos,0,"I Kissed A Girl, Superstition",Tuna Salad Sandwich Sausage,test,test2,ZzCW37-k8h4,Standard,04:21
127,Mac and Cheese,2/5,4/5 Mark Ruffalos,0,"I Kissed A Girl, Hush Little Baby, Don't Say a Word",Mac and Cheese Sausage Live!,test,test2,2rzDcXrVJwY,Livestream Recording,66:11
128,McDonald's Spicy McNuggets,3.5/5,3/5 Mark Ruffalos,0,"Blister in the Sun, Foresty Forest Song",Spicy McNugget Sausage,test,test2,XxIlcE5-KDA,Standard,04:12
129,Nutella,4/5,Not Done,1,- No Song -,YouTube Comments Suggestions 13: Nutella Sausage,test,test2,6mn9mx_jg7Q,YouTube Comments Suggestions,01:00
130,Snow Crab Legs,1/5,No (No Rating),0,"Hot Hot Hot, I Want It That Way",Snow Crab Legs Sausage,test,test2,-qXa4ayll4M,Standard,05:25
131,Fully Loaded Baked Potato,3/5,2/5 Mark Ruffalos,1,"Paint It Black, Semi-Charmed Life",Fully Loaded Baked Potato Sausage,test,test2,XEBl4Co6-IA,Standard,04:51
132,Cereal,2/5,Not Done,0,- No Song -,YouTube Comments Suggestions 14: Cereal Sausage,test,test2,VE6fCEcZfHM,YouTube Comments Suggestions,01:00
133,Jambalaya,3.5/5,5/5 Mark Ruffalos,1,House Of The Rising Sun,Jambalaya Sausage,test,test2,wKURDm_f5i0,Standard,03:56
134,Go-Gurt,0/5,5/5 Mark Ruffalos,1,- No Song -,YouTube Comments Suggestions 15: Go-Gurt Sausage,test,test2,LRqxMb9ORfo,YouTube Comments Suggestions,01:00
135,Spicy Kimchi and Pork,5/5,1/5 Mark Ruffalos,0,Loser,Spicy Kimchi Sausage,test,test2,8AFvnMNUIQs,Standard,03:40
136,Sushi Redux,0/5,No (No Rating),0,- No Song -,Should You Buy It? | Sushi Gadgets,test,test2,oW45kiWGr60,Should You Buy It?,05:51
137,Thick Water,0/5,5/5 Mark Ruffalos,0,- No Song -,YouTube Comments Suggestions 16: Thick Water Sausage,test,test2,HzVM4SDDjjg,YouTube Comments Suggestions,01:00
138,Taco Bell Crunchwrap Supreme,1/5,Yes (No Rating),1,Come As You Are,Crunchwrap Supreme Sausage,test,test2,Cw-b3iw9qR0,Standard,04:03
139,Apples and Potatoes,1/5,Yes (No Rating),1,Like A Virgin,Should You Buy It? | Episode 3 | Peeler Gadgets,test,test2,a_hwmxZ1pxQ,Should You Buy It?,06:17
140,Mrs. Butterworth's Original Syrup,0/5,4/5 Mark Ruffalos,0,Greased Lightning,YouTube Comments Suggestions | Syrup Sausage,test,test2,Zi8qrt8Sl2Y,YouTube Comments Suggestions,01:00
141,Japanese A5 Wagyu Beef (Cooked),1/5,2/5 Mark Ruffalos,1,In-A-Gadda-Da-Vida,Japanese A5 Wagyu Sausage,test,test2,MYhU_nL0_m4,Standard,05:30
142,Japanese A5 Wagyu Beef (Raw),0/5,2/5 Mark Ruffalos,0,In-A-Gadda-Da-Vida,Japanese A5 Wagyu Sausage,test,test2,MYhU_nL0_m4,Standard,05:30
143,Eggs Medley (With Hint of Chemicals),3.5/5,Yes (No Rating),1,"Gonna Fly Now, Ms. Jackson",Should You Buy It? | Egg Gadgets,test,test2,TrQ6zwIX7Ds,Should You Buy It?,07:48
144,Donuts,0/5,Not Done,1,- No Song -,YouTube Comments Suggestions | Donut Sausage,test,test2,Lol6EweQNeQ,YouTube Comments Suggestions,01:00
145,Roast Duck with Orange Sauce,3/5,5/5 Mark Ruffalos,0,Any Way You Want It,Roast Duck Sausage,test,test2,r6qtbs9SsKw,Standard,05:58
146,Beef Jerky,0/5,Not Done,0,- No Song -,Beef Jerky Sausage,test,test2,u5Ge2KPJkus,Standard,04:07
147,Jello,0/5,Not Done,0,- No Song -,YouTube Comments Suggestions | Jello Sausage,test,test2,dnmUfs3SB7c,YouTube Comments Suggestions,01:00
148,Ratatouille,0/5,3/5 Mark Ruffalos,1,A Natural Woman,Ratatouille Sausage,test,test2,443KUjcJPrM,Standard,04:51
149,Chick-Fil-A Spicy Chicken Sandwich,5/5,Yes (No Rating),0,The Lady in Red,Chick-Fil-A Sausage,test,test2,DR0rrwR9zs8,Standard,04:18
150,Cheesecake,1/5,1/5 Mark Ruffalos,0,You Make My Dreams Come True,Cheesecake Sausage,test,test2,v_FYdtHX7sc,YouTube Comments Suggestions,01:00
151,Liver and Onions,3/5,0.5/5 Mark Ruffalos,1,"Signed Sealed Delivered I'm Yours, Keep It Comin' Love",Liver and Onions Sausage,test,test2,u_pZrlv_IMw,Standard,04:20
152,Grilled Cheese and Tomato Soup,1.5/5,2/5 Mark Ruffalos,1,- No Song -,Grilled Cheese and Tomato Soup Sausage Live! / We are back!,test,test2,DrTGqx4oZSM,Livestream Recording,20:37
153,Nachos Grande,2.5/5,2/5 Mark Ruffalos,1,"Karma Chameleon, Hold On Tight",Nachos Grande Sausage,test,test2,Uif-91QyUpc,Standard,04:08
154,Sweet Baby Ray's BBQ Sauce,Disqualified,6/5 Mark Ruffalos,1,- No Song -,Sweet Baby Ray's BBQ Sauce Sausage,test,test2,ygG4ObYvkCo,YouTube Comments Suggestions,01:00
155,Salmon Coulibiac,1/5,Yes (No Rating),0,"Knock On Wood, Rasputin",Salmon Coulibiac Sausage,test,test2,WVeQT9OvIoc,Standard,04:08
156,Long John Silvers Fried Seafood Bonanza,3.5/5,1/5 Mark Ruffalos,1,Three Times A Lady,Long John Silvers Fried Seafood Bonanza Sausage,test,test2,eXJCkkJgl-c,Standard,04:05
157,Earth,0/5,2/5 Mark Ruffalos,0,- No Song -,Earth Sausage,test,test2,R-MWRl6VsaY,YouTube Comments Suggestions,01:00
158,IKEA Swedish Meatballs and Noodles,2.5/5,4/5 Mark Ruffalos,1,Witchcraft,IKEA Swedish Meatballs Sausage,test,test2,ueUaPEJKBh0,Standard,04:24
159,"Boston Market (Chicken, Cornbread, Corn, Potatoes)",3.5/5,1/5 Mark Ruffalos,1,"Where Is My Mind, Go Down Moses",Boston Market Sausage,test,test2,ZyVPo0Hmseo,Standard,04:34
160,Goldfish Crackers,0/5,4/5 Mark Ruffalos,1,- No Song -,Goldfish Crackers Sausage,test,test2,liM1lW0W4TE,YouTube Comments Suggestions,01:00
161,Beef Bourguignon,3.5/5,5/5 Mark Ruffalos,0,"Movin’ On Up, California Love",Beef Bourguignon Sausage,test,test2,H41SIej-WmU,Standard,05:37
162,Culver's Butterburger and Fried Cheese Curds,5/5,Yes (No Rating),0,Call Me Maybe,I Turned Culver's ButterBurger and Fried Cheese Curds into a Sausage,test,test2,YKDEwXpjixY,Standard,05:19
163,Pizza Lunchables,4/5,Not Done,0,- No Song -,Pizza Lunchables Sausage,test,test2,EaRjfa3zOaY,YouTube Comments Suggestions,01:00
164,Six Types of Johnsonville Sausages,5/5,Yes (No Rating),0,"Captain Planet Theme Song, One More Time, Died in Your Arms, Down with The Sickness",Johnsonville Sausage Medley Sausage,test,test2,3CF03IFruyU,Standard,05:12
165,"McDonald's Bacon, Egg, and Cheese McGriddle",5/5,Yes (No Rating),0,"The Wells Fargo Wagon, The Freshmaker Mentos Jingle","McDonald's Bacon, Egg, and Cheese McGriddle Sausage",test,test2,KcoOFqc9_8c,Standard,04:12
166,Canned Sardines,0/5,5/5 Mark Ruffalos,0,- No Song -,Canned Sardines Sausage,test,test2,fBoJFhijz3Y,YouTube Comments Suggestions,01:00
167,Charred Cookout and Johnsonville Medley Sausages,0.5/5,Not Done,1,- No Song -,A Very Moist Cookout Sausage Special,test,test2,L_3OU9qWlUI,Collaboration,08:15
168,Street Tongue Tacos,3.5/5,Yes (No Rating),0,Ring Of Fire,Street Tongue Tacos Sausage,test,test2,FoIxoyIRN4Q,Standard,04:55
169,Popped Popcorn,0/5,5/5 Mark Ruffalos,0,- No Song -,Popcorn Sausage Revisited,test,test2,yfn3TLqzamg,YouTube Comments Suggestions,01:00
170,Country Fried Steak,4.5/5,1/5 Mark Ruffalos,0,The Long and Winding Road,Country Fried Steak Sausage,test,test2,HeAheiAk7V8,Standard,05:11
171,Lamb Kebabs and Stuffed Grape Leaves,4/5,4/5 Mark Ruffalos,0,Cats In The Cradle,Lamb Kebabs Sausage,test,test2,y00eoJOT8gw,Standard,05:40
172,Mountain Dew and Doritos,0/5,4/5 Mark Ruffalos,1,- No Song -,Gamer Sausage: Mountain Dew and Doritos,test,test2,KOfUvuY660o,YouTube Comments Suggestions,01:00
173,Crab Cake,3/5,3/5 Mark Ruffalos,0,Under The Sea,Crab Cake Sausage,test,test2,WV7FIG95Gh4,Standard,06:23
174,Wawa Philly Cheesesteak,5/5,3/5 Mark Ruffalos,0,Seven Nation Army,Wawa Philly Cheesesteak Sausage,test,test2,ONu0XXeyGp8,Standard,05:12
175,S'mores,1/5,Not Done,0,- No Song -,S'mores Sausage,test,test2,IwpKXXhMyxY,YouTube Comments Suggestions,01:00
176,Yak,6/5,1/5 Mark Ruffalos,0,Once in a Lifetime,Making Yak Sausage with an Antique Meat Grinder,test,test2,NPBc68C3Tg4,Standard,05:50
177,7-Eleven Foods,1.5/5,1/5 Mark Ruffalos,1,- No Song -,I went to 7-Eleven and made a Sausage with their food,test,test2,wTG7K9JO1gQ,Standard,05:22
178,Cookie Dough,0/5,2/5 Mark Ruffalos,1,- No Song -,Cookie Dough Sausage,test,test2,ZkqzDs9jIKU,YouTube Comments Suggestions,01:00
179,Stuffed Mushrooms,1/5,1/5 Mark Ruffalos,1,- No Song-,Stuffed Mushrooms Sausage,test,test2,4QX0TDio8wY,Standard,03:24
180,Healthy Choice Chicken Marsala,2/5,5/5 Mark Ruffalos,1,This Cloud,Battle of the Frozen Meals Sausage,test,test2,LkY_TttvxSw,Standard,05:28
181,Lean Cuisine Chicken Marsala,1/5,5/5 Mark Ruffalos,1,This Cloud,Battle of the Frozen Meals Sausage,test,test2,LkY_TttvxSw,Standard,05:28
182,Salt,0/5,Not Done,0,- No Song -,Salt Sausage,test,test2,FKDhWLLzv-g,YouTube Comments Suggestions,01:00
183,Stuffed Cabbage Rolls,4/5,3/5 Mark Ruffalos,0,Welcome To The Jungle,Stuffed Cabbage Rolls Sausage,test,test2,pg9BXgySCqQ,Standard,04:34
184,Deviled Eggs,0.5/5,4/5 Mark Ruffalos,0,Santeria,Deviled Eggs Sausage,test,test2,dM-7Q6xK5gk,Standard,05:41
185,Cotton Candy,0/5,Not Done,0,- No Song -,Cotton Candy Sausage,test,test2,nxraLRC4Jz8,YouTube Comments Suggestions,01:00
186,Chicken and Waffles,2/5,1/5 Mark Ruffalos,0,"We Built This City, War",Chicken and Waffles Sausage,test,test2,1Al1EVZAiAM,Standard,05:27
187,Just Sous Vide,4/5,Not Done,0,- No Song -,Sous Vide Sausage,test,test2,rl8C1gfhn8w,Standard,03:59
188,Sous Vide with Sear,5/5,Not Done,0,- No Song -,Sous Vide Sausage,test,test2,rl8C1gfhn8w,Standard,03:59
189,Boiled with Sear,4.5/5,Not Done,0,- No Song -,Sous Vide Sausage,test,test2,rl8C1gfhn8w,Standard,03:59
190,Habanero,0/5,5/5 Mark Ruffalos,0,- No Song -,Habanero Sausage,test,test2,sYuQSr34yvk,YouTube Comments Suggestions,01:00
191,Guacamole,Disqualified,3/5 Mark Ruffalos,1,Lullaby,Guacamole Sausage,test,test2,h_tZLo3Z2O4,Standard,04:02
192,Fried Mozzarella Sticks,4/5,1/5 Mark Ruffalos,1,Run-Around,Fried Mozzarella Sticks Sausage,test,test2,mHf5LxakShg,Standard,05:32
193,Cup of Noodles,1/5,5/5 Mark Ruffalos,0,- No Song -,Cup of Noodles Sausage,test,test2,v2IZxFbpv0c,YouTube Comments Suggestions,01:00
194,Lamb Chops,4/5,0/5 Mark Ruffalos,0,Such Great Heights,Lamb Chomps Sausage,test,test2,ph0hjjN__gE,Standard,04:16
195,Meatballs with Bulgogi-Sauce,4/5,Not Done,0,Knockin' on Heavens Door,Wendy's Chili Cheese Fries Sausage,test,test2,WyBp2kx7ZRI,Standard,04:23
196,Wendy's Chili Cheese Fries,2.5/5,1/5 Mark Ruffalos,0,Knockin' on Heavens Door,Wendy's Chili Cheese Fries Sausage,test,test2,WyBp2kx7ZRI,Standard,04:23
197,Fat,0/5,3/5 Mark Ruffalos,0,- No Song -,Oops All Fat Sausage,test,test2,ZoqqzS1fFO8,YouTube Comments Suggestions,01:00
198,Lobster Mac n Cheese,2/5,1/5 Mark Ruffalos,0,I Wanna Kiss You All Over,Lobster Mac n Cheese Sausage,test,test2,0-NIiXcDFYA,Standard,04:26
199,Olive Garden Tour of Italy,2/5,1/5 Mark Ruffalos,1,She's Always a Woman,Olive Garden Tour of Italy Sausage,test,test2,lJJWLDinbQw,Standard,05:18
200,Mrs Sausage's Frozen Bread Sausage,2/5,Not Done,0,- No Song -,Mrs Sausage's Frozen Bread Sausage,test,test2,sLxiat2LSA0,YouTube Comments Suggestions,01:00
201,Ostrich,3.5/5,1/5 Mark Ruffalos,0,Rocky Top,Ostrich Sausage,test,test2,onVAkvB5_jI,Standard,05:12
202,Jack Daniels BBQ Pulled Pork Sausage,2/5,0/5 Mark Ruffalos,0,Gimme shelter,Jack Daniels BBQ Pulled Pork Sausage,test,test2,Y3zNi686HHo,Standard,04:58
203,Gummy Bears,Disqualified,Not Done,1,- No Song -,Gummy Bears Sausage,test,test2,xbcX2fNtjGE,YouTube Comments Suggestions,01:01
204,Pineapple Fried Rice,Disqualified,5/5 Mark Ruffalos,1,Wouldn’t It Be Nice ,Pineapple Fried Rice Sausage,test,test2,HPf32r1LIwY,Standard,04:00
205,Fried Chicken Gizzards ,1.5/5,2/5 Mark Ruffalos,0,You Sexy Thing,Fried Chicken Gizzards Sausage ,test,test2,hb1G4VTMecY,Standard,04:22
206,Black Pepper,0/5,5/5 Mark Ruffalos,0,- No Song -,Black Pepper Sausage,test,test2,kVk2G6zSB-k,YouTube Comments Suggestions,01:01
207,Eggs Benedict,4/5,2/5 Mark Ruffalos,0,Collide ,Eggs Benedict Sausage ,test,test2,OkF47VdCf4g,Standard,03:02
208,Skyline Chili 3 Way,2/5,4/5 Mark Ruffalos,1,Basket Case,Skyline Chili 3 Way Sausage,test,test2,Ub6z6UwDYGQ,Standard,05:27
209,Raisin ,0/5,1.5/5 Mark Ruffalos,0,- No Song -,Raisin Sausage ,test,test2,BZDzvS1lSVY,YouTube Comments Suggestions,01:01
210,Fried Catfish,5/5,2/5 Mark Ruffalos,0,Black water,Fried Catfish Sausage ,test,test2,e6U4vtHg-JI,Standard,02:22
211,BLT,4/5,1.5/5 Mark Ruffalos,0,- No Song -,BLT Sausage ,test,test2,Q6QQRHbkbh4,Standard,04:43
212,Skittles,0/5,Not Done,0,- No Song -,Skittles Sausage ,test,test2,BBRdTIaR_hE,YouTube Comments Suggestions,01:01
213,Scotch Egg,3/5,2/5 Mark Ruffalos,0,Peaches,Scotch Egg Sausage,test,test2,BxKUrlVzgR4,Standard,03:15
214,Steak and Potatoes ,2.5/5,2/5 Mark Ruffalos,0,Our House ,Steak and Potatoes Sausage ,test,test2,rdvwh-6aLR8,Standard,03:52
215,Toothpaste ,0/5,Not Done,0,- No Song -,Toothpaste Sausage ,test,test2,RA7-plm7fJA&t=1s,YouTube Comments Suggestions,01:01
216,Hungarian Goulash ,3/5,2/5 Mark Ruffalos,1,Save Tonight ,Hungarian Goulash Sausage ,test,test2,cyhEtIi8IAQ,Standard,03:31
217,"McDonald’s Land, Sea, and Air Burger",1.5/5,1.5/5 Frank Oz’s,0,Beautiful,"McDonald’s Land, Sea, and Air Burger Sausage",test,test2,ZT2K9Bd76tY,Standard,04:07
218,Potato Chips,0/5,3/5 Mark Ruffalos,0,- No Song -,Potato Chip Sausage ,test,test2,TJdL71ZAJJ4,YouTube Comments Suggestions,01:01
219,Ham,3/5,Not Done,0,- No Song -,Lunch Meat Tier List Sausage,test,test2 ,y34xq89g1-k,Tier List,03:22
220,Salami,3/5,Not Done,0,- No Song,Lunch Meat Tier List Sausage,test,test2 ,y34xq89g1-k,Tier List,03:22
221,Turkey,3/5,Not Done,0,- No Song,Lunch Meat Tier List Sausage,test,test2 ,y34xq89g1-k,Tier List,03:22
222,Bologna ,3/5,4/5 Mark Ruffalos,0,- No song,Lunch Meat Tier List Sausage,test,test2 ,y34xq89g1-k,Tier List,03:22
223,Crispy Chicken Sandwich Taco,4/5,1/5 Frank Oz’s,0,Stacy’s Mom,Taco Bell Crispy Chicken Sandwich Taco Sausage,test,test2,TiVqpRl-f1I,Standard,04:13
224,Peanut butter,0/5,Not Done,1,Coming Around Again ,Peanut Butter Sausage ,test,test2,LzJIS9-ZaHQ,YouTube Comments Suggestions,01:01
225,Braised Beef Short Ribs ,4/5,4/5 Mark Ruffalos,1,White Rabbit,Braised Beef Short Ribs Sausage,test,test2,27goy1P-qVo,Standard,04:08
226,2x Spicy Noodle,3/5,2/5 Mark Ruffalos,0,Un-Break My Heart,2x Spicy Noodles Sausage,test,test2,QyVYLmhG4lk,Standard,04:30
227,Lucky Charms Marshmallows,3/5,2/5 Mark Ruffalos,0,- No Song -,Lucky Charms Marshmallows Sausage ,test,test2,9piF9okIQZc,YouTube Comments Suggestions,01:01
228,Chicken a la King,2/5,5/5 Mark Ruffalos,0,September ,Chicken a la King Sausage ,test,test2,KHYRo-iSZoA,Standard,02:46
229,Chicken Wings,1/5,2/5 Mark Ruffalos,1,I Swear,Chicken Wings Sausage,test,test2,t24H3I68DFE,Standard,04:38
230,lil Debbie’s Cosmic Brownie,0/5,Not Done,1,- No Song -,lil Debbie’s Cosmic Brownie Sausage ,test,test2,qKq2wgZg2gA,YouTube Comments Suggestions,01:01
231,Tuna Noodle Casserole ,1.5/5,1/5 Mark Ruffalos,1,Crazy Train,Tuna Noodle Casserole Sausage ,test,test2,uojFWGMPtvg,Standard,02:37
232,Stuffed Peppers,2.5/5,4/5 Mark Ruffalos,1,Under the Bridge ,Stuffed Pepper Sausage,test,test2,lA6AVUayWzc,Standard,04:01
233,Trail Mix,4/5,0.5/5 Mark Ruffalos,0,- No Song -,Trail Mix Sausage ,test,test2,nEicHsyx-BI,YouTube Comments Suggestions,01:01
234,French toast,4/5,0.5/5 Mark Ruffalos,1,The Beautiful People,French Toast Sausage ,test,test2,zdm4JbYOLJU,Standard,03:43
235,Fried Bologna Sandwich ,5/5,1/5 Mark Ruffalos,1,Tubthumping,Fried Bologna Sandwich Sausage ,test,test2,amwyuDQFERg,Standard,04:25
236,Diet Coke and Mentos,0/5,Not Done,0,- No Song -,Diet Coke and Mentos Sausage ,test,test2,jUFVY-5T-ck,PoopTube Comments Suggestions,01:01
237,Pigs in a Blanket,5/5,0/5 Mark Ruffalos,1,Jumper,Pigs in a Blanket Sausage,test,test2,VYrcXQs-avc,Mrs. Sausage Makes a Sausage,05:09
238,Pumpkin Spice,4/5,1/5 Mark Ruffalos,0,Voodoo Chile,Pumpkin Spiced Sausage ,test,test2,qQ1UgTwWDqE,Standard,04:36
239,Dehydrated Wasabi Peas,0/5,5/5 Mark Ruffalos ,1,- No Song -,Dehydrated Wasabi Peas Sausage,test,test2,08k06cAcizI,YouTube Comments Suggestions,01:01
240,Mr Beast Moist Burger,3/5,5/5 Mark Ruffalos ,1,Ordinary world,Mr Beast Moist Burger Sausage,test,test2,S2p40TnFRK4,Standard,03:50
241,Ceviche ,5/5,2/5 Mark Ruffalos ,1,I Ran,Ceviche Sausage ,test,test2,EdJMTzKmWjs,Standard ,04:30
242,Boo Berry Cereal ,0/5,1/5 Mark Ruffalos ,0,- No Song -,Boo Berry Sausage,test,test2,fbVt5rtBa90,YouTube Comments Suggestions,01:01
243,Arby’s Meat Mountain,2/5,2/5 Mark Ruffalos ,1,Cold as Ice,Arby’s Meat Mountain Sausage ,test,test2,d2QiWDnJG20,Standard,03:47
244,Tomahawk ribeye,3/5,3/5 Mark Ruffalos ,0,Who Will Save Your Soul,The Worst Tomahawk Ribeye Ever Made Sausage ,test,test2,_U0Z7gauS2c,Standard ,05:55
245,Pumpkin Roll,4/5,1/5 Mark Ruffalos ,0,Micheal Myers’s Theme,Pumpkin Roll Sausage ,test,test2,KyQrWrQGYgc,YouTube Comments Suggestions ,01:01
246,Sweet Sue’s Canned Chicken and Dumplings ,1/5,2/5 Mark Ruffalos ,0,Hands,Sweet Sue’s Canned Chicken and Dumplings Sausage,test,test2,wKfzyPkks68,Standard ,03:19
247,Megan Thee Stallion Chicken Sandwich ,2/5,1/5 Mark Ruffalos ,0,Fergalicious,Megan Thee Stallion Chicken Sandwich Sausage ,test,test2,ULKg1HWtT64,Standard ,04:33
248,Horseradish ,0/5,4/5 Mark Ruffalos ,0,- No Song -,Horseradish Sausage ,test,test2,vY7kOJcu7vA,YouTube Comments Suggestions ,01:01
249,Cricket ,0/5,0/5 Mark Ruffalos ,0,"Just the Two of Us, Everyday, and When You wish upon a star",Cricket Sausage ,test,test2,qTznidutQhg,Standard,03:53
250,Manicotti ,3/5,1/5 Mark Ruffalos ,1,Bossy,Manicotti Sausage,test,test2,1SfEvQsvm9s,Mrs. Sausage Makes a Sausage,05:13
251,Portillo’s Italian Beef Sandwich ,5/5,1/5 Mark Ruffalos ,0,Whatcha say,"
New House Plus Portillo's Italian Beef Sandwich Sausage",test,test2,JiIVbAgSPWw,Standard,03:10
252,Loco moco ,4/5,2/5 Mark Ruffalos ,1,Over the Rainbow ,"manscapedpartner

Stop Making Fun of My Kitchen and Loco Moco Sausage",test,test2,xa4HiIwOi5E,Standard ,06:02
253,Bagel ,,,,,Mr. Sausage Official Weigh-in Plus Bagel Sausage,test,test2,yMyV0vz7dTY,Standard ,02:50